REM INSERTING into "usergroups"
SET DEFINE OFF;
Insert into "usergroups" ("id","name","created_at","updated_at") values ('1','Super Administrateur',to_timestamp('08/04/22 14:22:46,566000000','DD/MM/RR HH24:MI:SSXFF'),to_timestamp('08/04/22 14:22:46,566000000','DD/MM/RR HH24:MI:SSXFF'));
Insert into "usergroups" ("id","name","created_at","updated_at") values ('2','Administrateur',to_timestamp('08/04/22 14:22:46,567000000','DD/MM/RR HH24:MI:SSXFF'),to_timestamp('08/04/22 14:22:46,567000000','DD/MM/RR HH24:MI:SSXFF'));
Insert into "usergroups" ("id","name","created_at","updated_at") values ('3','Informaticien',to_timestamp('08/04/22 14:22:46,567000000','DD/MM/RR HH24:MI:SSXFF'),to_timestamp('08/04/22 14:22:46,567000000','DD/MM/RR HH24:MI:SSXFF'));
commit;

REM INSERTING into "localisations"
SET DEFINE OFF;
Insert into "localisations" ("id","sigle","libelle","created_at","updated_at") values ('1','DAI',null,to_timestamp('08/04/22 14:22:46,582000000','DD/MM/RR HH24:MI:SSXFF'),to_timestamp('08/04/22 14:22:46,582000000','DD/MM/RR HH24:MI:SSXFF'));
Insert into "localisations" ("id","sigle","libelle","created_at","updated_at") values ('2','DSI',null,to_timestamp('08/04/22 14:22:46,582000000','DD/MM/RR HH24:MI:SSXFF'),to_timestamp('08/04/22 14:22:46,582000000','DD/MM/RR HH24:MI:SSXFF'));
Insert into "localisations" ("id","sigle","libelle","created_at","updated_at") values ('3','DPEEF',null,to_timestamp('08/04/22 14:22:46,583000000','DD/MM/RR HH24:MI:SSXFF'),to_timestamp('08/04/22 14:22:46,583000000','DD/MM/RR HH24:MI:SSXFF'));
Insert into "localisations" ("id","sigle","libelle","created_at","updated_at") values ('4','DEPI',null,to_timestamp('08/04/22 14:22:46,583000000','DD/MM/RR HH24:MI:SSXFF'),to_timestamp('08/04/22 14:22:46,583000000','DD/MM/RR HH24:MI:SSXFF'));
Insert into "localisations" ("id","sigle","libelle","created_at","updated_at") values ('5','DAGP',null,to_timestamp('08/04/22 14:22:46,583000000','DD/MM/RR HH24:MI:SSXFF'),to_timestamp('08/04/22 14:22:46,583000000','DD/MM/RR HH24:MI:SSXFF'));
Insert into "localisations" ("id","sigle","libelle","created_at","updated_at") values ('6','DMP',null,to_timestamp('08/04/22 14:22:46,583000000','DD/MM/RR HH24:MI:SSXFF'),to_timestamp('08/04/22 14:22:46,583000000','DD/MM/RR HH24:MI:SSXFF'));
Insert into "localisations" ("id","sigle","libelle","created_at","updated_at") values ('7','DETD',null,to_timestamp('08/04/22 14:22:46,583000000','DD/MM/RR HH24:MI:SSXFF'),to_timestamp('08/04/22 14:22:46,583000000','DD/MM/RR HH24:MI:SSXFF'));
Insert into "localisations" ("id","sigle","libelle","created_at","updated_at") values ('8','DSRS',null,to_timestamp('08/04/22 14:22:46,583000000','DD/MM/RR HH24:MI:SSXFF'),to_timestamp('08/04/22 14:22:46,583000000','DD/MM/RR HH24:MI:SSXFF'));
Insert into "localisations" ("id","sigle","libelle","created_at","updated_at") values ('9','DS',null,to_timestamp('08/04/22 14:22:46,583000000','DD/MM/RR HH24:MI:SSXFF'),to_timestamp('08/04/22 14:22:46,583000000','DD/MM/RR HH24:MI:SSXFF'));
Insert into "localisations" ("id","sigle","libelle","created_at","updated_at") values ('10','DCET',null,to_timestamp('08/04/22 14:22:46,583000000','DD/MM/RR HH24:MI:SSXFF'),to_timestamp('08/04/22 14:22:46,583000000','DD/MM/RR HH24:MI:SSXFF'));
Insert into "localisations" ("id","sigle","libelle","created_at","updated_at") values ('11','DPTCE',null,to_timestamp('08/04/22 14:22:46,583000000','DD/MM/RR HH24:MI:SSXFF'),to_timestamp('08/04/22 14:22:46,583000000','DD/MM/RR HH24:MI:SSXFF'));
Insert into "localisations" ("id","sigle","libelle","created_at","updated_at") values ('12','PR-RNI',null,to_timestamp('08/04/22 14:22:46,583000000','DD/MM/RR HH24:MI:SSXFF'),to_timestamp('08/04/22 14:22:46,583000000','DD/MM/RR HH24:MI:SSXFF'));
Insert into "localisations" ("id","sigle","libelle","created_at","updated_at") values ('13','DIFO',null,to_timestamp('08/04/22 14:22:46,583000000','DD/MM/RR HH24:MI:SSXFF'),to_timestamp('08/04/22 14:22:46,583000000','DD/MM/RR HH24:MI:SSXFF'));
Insert into "localisations" ("id","sigle","libelle","created_at","updated_at") values ('14','DGPBD',null,to_timestamp('08/04/22 14:22:46,583000000','DD/MM/RR HH24:MI:SSXFF'),to_timestamp('08/04/22 14:22:46,583000000','DD/MM/RR HH24:MI:SSXFF'));
Insert into "localisations" ("id","sigle","libelle","created_at","updated_at") values ('15','DSRS',null,to_timestamp('08/04/22 14:22:46,583000000','DD/MM/RR HH24:MI:SSXFF'),to_timestamp('08/04/22 14:22:46,583000000','DD/MM/RR HH24:MI:SSXFF'));
Insert into "localisations" ("id","sigle","libelle","created_at","updated_at") values ('16','DS',null,to_timestamp('08/04/22 14:22:46,584000000','DD/MM/RR HH24:MI:SSXFF'),to_timestamp('08/04/22 14:22:46,584000000','DD/MM/RR HH24:MI:SSXFF'));
Insert into "localisations" ("id","sigle","libelle","created_at","updated_at") values ('17','DG',null,to_timestamp('08/04/22 14:22:46,584000000','DD/MM/RR HH24:MI:SSXFF'),to_timestamp('08/04/22 14:22:46,584000000','DD/MM/RR HH24:MI:SSXFF'));
Insert into "localisations" ("id","sigle","libelle","created_at","updated_at") values ('18','ZAGTOULI',null,to_timestamp('08/04/22 14:22:46,584000000','DD/MM/RR HH24:MI:SSXFF'),to_timestamp('08/04/22 14:22:46,584000000','DD/MM/RR HH24:MI:SSXFF'));
Insert into "localisations" ("id","sigle","libelle","created_at","updated_at") values ('19','KOMSILGA',null,to_timestamp('08/04/22 14:22:46,584000000','DD/MM/RR HH24:MI:SSXFF'),to_timestamp('08/04/22 14:22:46,584000000','DD/MM/RR HH24:MI:SSXFF'));
Insert into "localisations" ("id","sigle","libelle","created_at","updated_at") values ('20','DT',null,to_timestamp('08/04/22 14:22:46,584000000','DD/MM/RR HH24:MI:SSXFF'),to_timestamp('08/04/22 14:22:46,584000000','DD/MM/RR HH24:MI:SSXFF'));
Insert into "localisations" ("id","sigle","libelle","created_at","updated_at") values ('21','DGC',null,to_timestamp('08/04/22 14:22:46,584000000','DD/MM/RR HH24:MI:SSXFF'),to_timestamp('08/04/22 14:22:46,584000000','DD/MM/RR HH24:MI:SSXFF'));
Insert into "localisations" ("id","sigle","libelle","created_at","updated_at") values ('22','KOSSODO',null,to_timestamp('08/04/22 14:22:46,584000000','DD/MM/RR HH24:MI:SSXFF'),to_timestamp('08/04/22 14:22:46,584000000','DD/MM/RR HH24:MI:SSXFF'));
Insert into "localisations" ("id","sigle","libelle","created_at","updated_at") values ('23','OUAGA I',null,to_timestamp('08/04/22 14:22:46,584000000','DD/MM/RR HH24:MI:SSXFF'),to_timestamp('08/04/22 14:22:46,584000000','DD/MM/RR HH24:MI:SSXFF'));
Insert into "localisations" ("id","sigle","libelle","created_at","updated_at") values ('24','DGA',null,to_timestamp('08/04/22 14:22:46,584000000','DD/MM/RR HH24:MI:SSXFF'),to_timestamp('08/04/22 14:22:46,584000000','DD/MM/RR HH24:MI:SSXFF'));
Insert into "localisations" ("id","sigle","libelle","created_at","updated_at") values ('25','FADA PROD',null,to_timestamp('08/04/22 14:22:46,584000000','DD/MM/RR HH24:MI:SSXFF'),to_timestamp('08/04/22 14:22:46,584000000','DD/MM/RR HH24:MI:SSXFF'));
Insert into "localisations" ("id","sigle","libelle","created_at","updated_at") values ('26','BAGRE HYDRO',null,to_timestamp('08/04/22 14:22:46,584000000','DD/MM/RR HH24:MI:SSXFF'),to_timestamp('08/04/22 14:22:46,584000000','DD/MM/RR HH24:MI:SSXFF'));
Insert into "localisations" ("id","sigle","libelle","created_at","updated_at") values ('27','KOMBISSIRI',null,to_timestamp('08/04/22 14:22:46,584000000','DD/MM/RR HH24:MI:SSXFF'),to_timestamp('08/04/22 14:22:46,584000000','DD/MM/RR HH24:MI:SSXFF'));
Insert into "localisations" ("id","sigle","libelle","created_at","updated_at") values ('28','GOROM',null,to_timestamp('08/04/22 14:22:46,585000000','DD/MM/RR HH24:MI:SSXFF'),to_timestamp('08/04/22 14:22:46,585000000','DD/MM/RR HH24:MI:SSXFF'));
Insert into "localisations" ("id","sigle","libelle","created_at","updated_at") values ('29','Koudougou',null,to_timestamp('08/04/22 14:22:46,585000000','DD/MM/RR HH24:MI:SSXFF'),to_timestamp('08/04/22 14:22:46,585000000','DD/MM/RR HH24:MI:SSXFF'));
Insert into "localisations" ("id","sigle","libelle","created_at","updated_at") values ('30','KONGOUSSI',null,to_timestamp('08/04/22 14:22:46,585000000','DD/MM/RR HH24:MI:SSXFF'),to_timestamp('08/04/22 14:22:46,585000000','DD/MM/RR HH24:MI:SSXFF'));
commit;

REM INSERTING into "modes"
SET DEFINE OFF;
Insert into "modes" ("id","libelle","description","created_at","updated_at") values ('1','AOO','Appel d''offres ouvert ',to_timestamp('08/04/22 14:22:46,595000000','DD/MM/RR HH24:MI:SSXFF'),to_timestamp('08/04/22 14:22:46,595000000','DD/MM/RR HH24:MI:SSXFF'));
Insert into "modes" ("id","libelle","description","created_at","updated_at") values ('2','DPX',null,to_timestamp('08/04/22 14:22:46,595000000','DD/MM/RR HH24:MI:SSXFF'),to_timestamp('08/04/22 14:22:46,595000000','DD/MM/RR HH24:MI:SSXFF'));
Insert into "modes" ("id","libelle","description","created_at","updated_at") values ('3','ED','Entente directe',to_timestamp('08/04/22 14:22:46,595000000','DD/MM/RR HH24:MI:SSXFF'),to_timestamp('08/04/22 14:22:46,595000000','DD/MM/RR HH24:MI:SSXFF'));
Insert into "modes" ("id","libelle","description","created_at","updated_at") values ('4','DPA','Demande de propositions allégée',to_timestamp('08/04/22 14:22:46,596000000','DD/MM/RR HH24:MI:SSXFF'),to_timestamp('08/04/22 14:22:46,596000000','DD/MM/RR HH24:MI:SSXFF'));
Insert into "modes" ("id","libelle","description","created_at","updated_at") values ('5','CC','Consultation de consultants',to_timestamp('08/04/22 14:22:46,596000000','DD/MM/RR HH24:MI:SSXFF'),to_timestamp('08/04/22 14:22:46,596000000','DD/MM/RR HH24:MI:SSXFF'));
Insert into "modes" ("id","libelle","description","created_at","updated_at") values ('6','MI',null,to_timestamp('08/04/22 14:22:46,596000000','DD/MM/RR HH24:MI:SSXFF'),to_timestamp('08/04/22 14:22:46,596000000','DD/MM/RR HH24:MI:SSXFF'));
Insert into "modes" ("id","libelle","description","created_at","updated_at") values ('7','DP-MI','Demande de propositions précédée d''une manifestation d''intérêt',to_timestamp('08/04/22 14:22:46,596000000','DD/MM/RR HH24:MI:SSXFF'),to_timestamp('08/04/22 14:22:46,596000000','DD/MM/RR HH24:MI:SSXFF'));
commit;

REM INSERTING into "budgets"
SET DEFINE OFF;
Insert into "budgets" ("id","libelle","created_at","updated_at") values ('1','Fonds Propres Investissement',to_timestamp('08/04/22 14:22:46,604000000','DD/MM/RR HH24:MI:SSXFF'),to_timestamp('08/04/22 14:22:46,604000000','DD/MM/RR HH24:MI:SSXFF'));
Insert into "budgets" ("id","libelle","created_at","updated_at") values ('2','Fonds Propres Exploitation',to_timestamp('08/04/22 14:22:46,604000000','DD/MM/RR HH24:MI:SSXFF'),to_timestamp('08/04/22 14:22:46,604000000','DD/MM/RR HH24:MI:SSXFF'));
Insert into "budgets" ("id","libelle","created_at","updated_at") values ('3','Financement externe',to_timestamp('08/04/22 14:22:46,604000000','DD/MM/RR HH24:MI:SSXFF'),to_timestamp('08/04/22 14:22:46,604000000','DD/MM/RR HH24:MI:SSXFF'));
commit;

REM INSERTING into "typcredits"
SET DEFINE OFF;
Insert into "typcredits" ("id","libelle","created_at","updated_at") values ('1','A',to_timestamp('08/04/22 14:22:46,629000000','DD/MM/RR HH24:MI:SSXFF'),to_timestamp('08/04/22 14:22:46,629000000','DD/MM/RR HH24:MI:SSXFF'));
Insert into "typcredits" ("id","libelle","created_at","updated_at") values ('2','B',to_timestamp('08/04/22 14:22:46,629000000','DD/MM/RR HH24:MI:SSXFF'),to_timestamp('08/04/22 14:22:46,629000000','DD/MM/RR HH24:MI:SSXFF'));
Insert into "typcredits" ("id","libelle","created_at","updated_at") values ('3','C',to_timestamp('08/04/22 14:22:46,629000000','DD/MM/RR HH24:MI:SSXFF'),to_timestamp('08/04/22 14:22:46,629000000','DD/MM/RR HH24:MI:SSXFF'));
Insert into "typcredits" ("id","libelle","created_at","updated_at") values ('4','D',to_timestamp('08/04/22 14:22:46,630000000','DD/MM/RR HH24:MI:SSXFF'),to_timestamp('08/04/22 14:22:46,630000000','DD/MM/RR HH24:MI:SSXFF'));
Insert into "typcredits" ("id","libelle","created_at","updated_at") values ('5','E',to_timestamp('08/04/22 14:22:46,630000000','DD/MM/RR HH24:MI:SSXFF'),to_timestamp('08/04/22 14:22:46,630000000','DD/MM/RR HH24:MI:SSXFF'));
Insert into "typcredits" ("id","libelle","created_at","updated_at") values ('6','F',to_timestamp('08/04/22 14:22:46,630000000','DD/MM/RR HH24:MI:SSXFF'),to_timestamp('08/04/22 14:22:46,630000000','DD/MM/RR HH24:MI:SSXFF'));
Insert into "typcredits" ("id","libelle","created_at","updated_at") values ('7','G',to_timestamp('08/04/22 14:22:46,630000000','DD/MM/RR HH24:MI:SSXFF'),to_timestamp('08/04/22 14:22:46,630000000','DD/MM/RR HH24:MI:SSXFF'));
Insert into "typcredits" ("id","libelle","created_at","updated_at") values ('8','I',to_timestamp('08/04/22 14:22:46,630000000','DD/MM/RR HH24:MI:SSXFF'),to_timestamp('08/04/22 14:22:46,630000000','DD/MM/RR HH24:MI:SSXFF'));
Insert into "typcredits" ("id","libelle","created_at","updated_at") values ('9','J',to_timestamp('08/04/22 14:22:46,630000000','DD/MM/RR HH24:MI:SSXFF'),to_timestamp('08/04/22 14:22:46,630000000','DD/MM/RR HH24:MI:SSXFF'));
Insert into "typcredits" ("id","libelle","created_at","updated_at") values ('10','K',to_timestamp('08/04/22 14:22:46,630000000','DD/MM/RR HH24:MI:SSXFF'),to_timestamp('08/04/22 14:22:46,630000000','DD/MM/RR HH24:MI:SSXFF'));
Insert into "typcredits" ("id","libelle","created_at","updated_at") values ('11','Fin. Ext.',to_timestamp('08/04/22 14:22:46,630000000','DD/MM/RR HH24:MI:SSXFF'),to_timestamp('08/04/22 14:22:46,630000000','DD/MM/RR HH24:MI:SSXFF'));
commit;

REM INSERTING into "types"
SET DEFINE OFF;
Insert into "types" ("id","libelle","created_at","updated_at") values ('1','Marchés de travaux',to_timestamp('08/04/22 14:22:46,611000000','DD/MM/RR HH24:MI:SSXFF'),to_timestamp('08/04/22 14:22:46,611000000','DD/MM/RR HH24:MI:SSXFF'));
Insert into "types" ("id","libelle","created_at","updated_at") values ('2','Marchés de fourniture et de services',to_timestamp('08/04/22 14:22:46,612000000','DD/MM/RR HH24:MI:SSXFF'),to_timestamp('08/04/22 14:22:46,612000000','DD/MM/RR HH24:MI:SSXFF'));
Insert into "types" ("id","libelle","created_at","updated_at") values ('3','Marchés de prestations intellectuelles',to_timestamp('08/04/22 14:22:46,612000000','DD/MM/RR HH24:MI:SSXFF'),to_timestamp('08/04/22 14:22:46,612000000','DD/MM/RR HH24:MI:SSXFF'));
commit;

REM INSERTING into "credits"
SET DEFINE OFF;
Insert into "credits" ("id","libelle","created_at","updated_at") values ('1','A',to_timestamp('08/04/22 14:22:46,639000000','DD/MM/RR HH24:MI:SSXFF'),to_timestamp('08/04/22 14:22:46,639000000','DD/MM/RR HH24:MI:SSXFF'));
Insert into "credits" ("id","libelle","created_at","updated_at") values ('2','B',to_timestamp('08/04/22 14:22:46,639000000','DD/MM/RR HH24:MI:SSXFF'),to_timestamp('08/04/22 14:22:46,639000000','DD/MM/RR HH24:MI:SSXFF'));
Insert into "credits" ("id","libelle","created_at","updated_at") values ('3','C',to_timestamp('08/04/22 14:22:46,639000000','DD/MM/RR HH24:MI:SSXFF'),to_timestamp('08/04/22 14:22:46,639000000','DD/MM/RR HH24:MI:SSXFF'));
Insert into "credits" ("id","libelle","created_at","updated_at") values ('4','D',to_timestamp('08/04/22 14:22:46,639000000','DD/MM/RR HH24:MI:SSXFF'),to_timestamp('08/04/22 14:22:46,639000000','DD/MM/RR HH24:MI:SSXFF'));
Insert into "credits" ("id","libelle","created_at","updated_at") values ('5','E',to_timestamp('08/04/22 14:22:46,639000000','DD/MM/RR HH24:MI:SSXFF'),to_timestamp('08/04/22 14:22:46,639000000','DD/MM/RR HH24:MI:SSXFF'));
Insert into "credits" ("id","libelle","created_at","updated_at") values ('6','F',to_timestamp('08/04/22 14:22:46,639000000','DD/MM/RR HH24:MI:SSXFF'),to_timestamp('08/04/22 14:22:46,639000000','DD/MM/RR HH24:MI:SSXFF'));
Insert into "credits" ("id","libelle","created_at","updated_at") values ('7','G',to_timestamp('08/04/22 14:22:46,639000000','DD/MM/RR HH24:MI:SSXFF'),to_timestamp('08/04/22 14:22:46,639000000','DD/MM/RR HH24:MI:SSXFF'));
Insert into "credits" ("id","libelle","created_at","updated_at") values ('8','I',to_timestamp('08/04/22 14:22:46,639000000','DD/MM/RR HH24:MI:SSXFF'),to_timestamp('08/04/22 14:22:46,639000000','DD/MM/RR HH24:MI:SSXFF'));
Insert into "credits" ("id","libelle","created_at","updated_at") values ('9','J',to_timestamp('08/04/22 14:22:46,639000000','DD/MM/RR HH24:MI:SSXFF'),to_timestamp('08/04/22 14:22:46,639000000','DD/MM/RR HH24:MI:SSXFF'));
Insert into "credits" ("id","libelle","created_at","updated_at") values ('10','K',to_timestamp('08/04/22 14:22:46,639000000','DD/MM/RR HH24:MI:SSXFF'),to_timestamp('08/04/22 14:22:46,639000000','DD/MM/RR HH24:MI:SSXFF'));
Insert into "credits" ("id","libelle","created_at","updated_at") values ('11','Fin. Ext.',to_timestamp('08/04/22 14:22:46,639000000','DD/MM/RR HH24:MI:SSXFF'),to_timestamp('08/04/22 14:22:46,639000000','DD/MM/RR HH24:MI:SSXFF'));
commit;

REM INSERTING into "immobilisations"
SET DEFINE OFF;
Insert into "immobilisations" ("id","libelle","created_at","updated_at") values ('1','213100',to_timestamp('08/04/22 14:22:46,650000000','DD/MM/RR HH24:MI:SSXFF'),to_timestamp('08/04/22 14:22:46,650000000','DD/MM/RR HH24:MI:SSXFF'));
Insert into "immobilisations" ("id","libelle","created_at","updated_at") values ('2','223100',to_timestamp('08/04/22 14:22:46,650000000','DD/MM/RR HH24:MI:SSXFF'),to_timestamp('08/04/22 14:22:46,650000000','DD/MM/RR HH24:MI:SSXFF'));
Insert into "immobilisations" ("id","libelle","created_at","updated_at") values ('3','223200',to_timestamp('08/04/22 14:22:46,650000000','DD/MM/RR HH24:MI:SSXFF'),to_timestamp('08/04/22 14:22:46,650000000','DD/MM/RR HH24:MI:SSXFF'));
Insert into "immobilisations" ("id","libelle","created_at","updated_at") values ('4','223400',to_timestamp('08/04/22 14:22:46,650000000','DD/MM/RR HH24:MI:SSXFF'),to_timestamp('08/04/22 14:22:46,650000000','DD/MM/RR HH24:MI:SSXFF'));
Insert into "immobilisations" ("id","libelle","created_at","updated_at") values ('5','231320',to_timestamp('08/04/22 14:22:46,650000000','DD/MM/RR HH24:MI:SSXFF'),to_timestamp('08/04/22 14:22:46,650000000','DD/MM/RR HH24:MI:SSXFF'));
Insert into "immobilisations" ("id","libelle","created_at","updated_at") values ('6','231330',to_timestamp('08/04/22 14:22:46,650000000','DD/MM/RR HH24:MI:SSXFF'),to_timestamp('08/04/22 14:22:46,650000000','DD/MM/RR HH24:MI:SSXFF'));
Insert into "immobilisations" ("id","libelle","created_at","updated_at") values ('7','234200',to_timestamp('08/04/22 14:22:46,650000000','DD/MM/RR HH24:MI:SSXFF'),to_timestamp('08/04/22 14:22:46,650000000','DD/MM/RR HH24:MI:SSXFF'));
Insert into "immobilisations" ("id","libelle","created_at","updated_at") values ('8','234220',to_timestamp('08/04/22 14:22:46,650000000','DD/MM/RR HH24:MI:SSXFF'),to_timestamp('08/04/22 14:22:46,650000000','DD/MM/RR HH24:MI:SSXFF'));
Insert into "immobilisations" ("id","libelle","created_at","updated_at") values ('9','234240',to_timestamp('08/04/22 14:22:46,650000000','DD/MM/RR HH24:MI:SSXFF'),to_timestamp('08/04/22 14:22:46,650000000','DD/MM/RR HH24:MI:SSXFF'));
Insert into "immobilisations" ("id","libelle","created_at","updated_at") values ('10','241100',to_timestamp('08/04/22 14:22:46,651000000','DD/MM/RR HH24:MI:SSXFF'),to_timestamp('08/04/22 14:22:46,651000000','DD/MM/RR HH24:MI:SSXFF'));
Insert into "immobilisations" ("id","libelle","created_at","updated_at") values ('11','241120',to_timestamp('08/04/22 14:22:46,651000000','DD/MM/RR HH24:MI:SSXFF'),to_timestamp('08/04/22 14:22:46,651000000','DD/MM/RR HH24:MI:SSXFF'));
Insert into "immobilisations" ("id","libelle","created_at","updated_at") values ('12','244400',to_timestamp('08/04/22 14:22:46,651000000','DD/MM/RR HH24:MI:SSXFF'),to_timestamp('08/04/22 14:22:46,651000000','DD/MM/RR HH24:MI:SSXFF'));
Insert into "immobilisations" ("id","libelle","created_at","updated_at") values ('14','244401',to_timestamp('08/04/22 14:22:46,651000000','DD/MM/RR HH24:MI:SSXFF'),to_timestamp('08/04/22 14:22:46,651000000','DD/MM/RR HH24:MI:SSXFF'));
Insert into "immobilisations" ("id","libelle","created_at","updated_at") values ('15','244402',to_timestamp('08/04/22 14:22:46,651000000','DD/MM/RR HH24:MI:SSXFF'),to_timestamp('08/04/22 14:22:46,651000000','DD/MM/RR HH24:MI:SSXFF'));
Insert into "immobilisations" ("id","libelle","created_at","updated_at") values ('16','244750',to_timestamp('08/04/22 14:22:46,651000000','DD/MM/RR HH24:MI:SSXFF'),to_timestamp('08/04/22 14:22:46,651000000','DD/MM/RR HH24:MI:SSXFF'));
Insert into "immobilisations" ("id","libelle","created_at","updated_at") values ('17','241500',to_timestamp('08/04/22 14:22:46,651000000','DD/MM/RR HH24:MI:SSXFF'),to_timestamp('08/04/22 14:22:46,651000000','DD/MM/RR HH24:MI:SSXFF'));
Insert into "immobilisations" ("id","libelle","created_at","updated_at") values ('18','241610',to_timestamp('08/04/22 14:22:46,651000000','DD/MM/RR HH24:MI:SSXFF'),to_timestamp('08/04/22 14:22:46,651000000','DD/MM/RR HH24:MI:SSXFF'));
Insert into "immobilisations" ("id","libelle","created_at","updated_at") values ('19','241900',to_timestamp('08/04/22 14:22:46,651000000','DD/MM/RR HH24:MI:SSXFF'),to_timestamp('08/04/22 14:22:46,651000000','DD/MM/RR HH24:MI:SSXFF'));
Insert into "immobilisations" ("id","libelle","created_at","updated_at") values ('20','245100',to_timestamp('08/04/22 14:22:46,651000000','DD/MM/RR HH24:MI:SSXFF'),to_timestamp('08/04/22 14:22:46,651000000','DD/MM/RR HH24:MI:SSXFF'));
Insert into "immobilisations" ("id","libelle","created_at","updated_at") values ('21','245110',to_timestamp('08/04/22 14:22:46,651000000','DD/MM/RR HH24:MI:SSXFF'),to_timestamp('08/04/22 14:22:46,651000000','DD/MM/RR HH24:MI:SSXFF'));
Insert into "immobilisations" ("id","libelle","created_at","updated_at") values ('22','245100',to_timestamp('08/04/22 14:22:46,651000000','DD/MM/RR HH24:MI:SSXFF'),to_timestamp('08/04/22 14:22:46,651000000','DD/MM/RR HH24:MI:SSXFF'));
Insert into "immobilisations" ("id","libelle","created_at","updated_at") values ('23','245110',to_timestamp('08/04/22 14:22:46,651000000','DD/MM/RR HH24:MI:SSXFF'),to_timestamp('08/04/22 14:22:46,651000000','DD/MM/RR HH24:MI:SSXFF'));
Insert into "immobilisations" ("id","libelle","created_at","updated_at") values ('24','245500',to_timestamp('08/04/22 14:22:46,651000000','DD/MM/RR HH24:MI:SSXFF'),to_timestamp('08/04/22 14:22:46,651000000','DD/MM/RR HH24:MI:SSXFF'));
Insert into "immobilisations" ("id","libelle","created_at","updated_at") values ('25','245800',to_timestamp('08/04/22 14:22:46,651000000','DD/MM/RR HH24:MI:SSXFF'),to_timestamp('08/04/22 14:22:46,651000000','DD/MM/RR HH24:MI:SSXFF'));
Insert into "immobilisations" ("id","libelle","created_at","updated_at") values ('26','212200',to_timestamp('08/04/22 14:22:46,651000000','DD/MM/RR HH24:MI:SSXFF'),to_timestamp('08/04/22 14:22:46,651000000','DD/MM/RR HH24:MI:SSXFF'));
Insert into "immobilisations" ("id","libelle","created_at","updated_at") values ('27','FEP',to_timestamp('08/04/22 14:22:46,651000000','DD/MM/RR HH24:MI:SSXFF'),to_timestamp('08/04/22 14:22:46,651000000','DD/MM/RR HH24:MI:SSXFF'));
Insert into "immobilisations" ("id","libelle","created_at","updated_at") values ('28','K',to_timestamp('08/04/22 14:22:46,652000000','DD/MM/RR HH24:MI:SSXFF'),to_timestamp('08/04/22 14:22:46,652000000','DD/MM/RR HH24:MI:SSXFF'));
Insert into "immobilisations" ("id","libelle","created_at","updated_at") values ('29','Fin. Ext.',to_timestamp('08/04/22 14:22:46,652000000','DD/MM/RR HH24:MI:SSXFF'),to_timestamp('08/04/22 14:22:46,652000000','DD/MM/RR HH24:MI:SSXFF'));
commit;

REM INSERTING into "agents"
SET DEFINE OFF;
Insert into "agents" ("id","nom_prenom","telephone","email","fonction","service","localisation_id","distinction","signat","created_at","updated_at") values ('1','DIANDA MARTINE MARTINE','70 24 88 24','martine.dianda@sonabel.bf','Economiste','SMFPC','6',null,'0',to_timestamp('08/04/22 14:22:46,665000000','DD/MM/RR HH24:MI:SSXFF'),to_timestamp('08/04/22 14:22:46,665000000','DD/MM/RR HH24:MI:SSXFF'));
Insert into "agents" ("id","nom_prenom","telephone","email","fonction","service","localisation_id","distinction","signat","created_at","updated_at") values ('2','NADIE ABZETA','70 01 87 70','abzeta.sanfo@sonabel.bf','Juriste','SMTPI','6',null,'0',to_timestamp('08/04/22 14:22:46,665000000','DD/MM/RR HH24:MI:SSXFF'),to_timestamp('08/04/22 14:22:46,665000000','DD/MM/RR HH24:MI:SSXFF'));
Insert into "agents" ("id","nom_prenom","telephone","email","fonction","service","localisation_id","distinction","signat","created_at","updated_at") values ('3','DIALLO ABDRAMANE','70 25 07 82','dramane.kougwindega@sonabel.bf','Chef SMTPI','SMTPI','6',null,'0',to_timestamp('08/04/22 14:22:46,665000000','DD/MM/RR HH24:MI:SSXFF'),to_timestamp('08/04/22 14:22:46,665000000','DD/MM/RR HH24:MI:SSXFF'));
Insert into "agents" ("id","nom_prenom","telephone","email","fonction","service","localisation_id","distinction","signat","created_at","updated_at") values ('4','TIENDREBEOGO VIVIANE','70 45 55 11',null,'Juriste','SMTPI','6',null,'0',to_timestamp('08/04/22 14:22:46,665000000','DD/MM/RR HH24:MI:SSXFF'),to_timestamp('08/04/22 14:22:46,665000000','DD/MM/RR HH24:MI:SSXFF'));
Insert into "agents" ("id","nom_prenom","telephone","email","fonction","service","localisation_id","distinction","signat","created_at","updated_at") values ('5','SAVADOGO RAISSA','78 86 89 03',null,'Juriste','SMTPI','6',null,'0',to_timestamp('08/04/22 14:22:46,665000000','DD/MM/RR HH24:MI:SSXFF'),to_timestamp('08/04/22 14:22:46,665000000','DD/MM/RR HH24:MI:SSXFF'));
Insert into "agents" ("id","nom_prenom","telephone","email","fonction","service","localisation_id","distinction","signat","created_at","updated_at") values ('6','LOMPO CLAUDINE','71 13 14 80','lea.lompo@sonabel.bf','Juriste','SMFPC','6',null,'0',to_timestamp('08/04/22 14:22:46,666000000','DD/MM/RR HH24:MI:SSXFF'),to_timestamp('08/04/22 14:22:46,666000000','DD/MM/RR HH24:MI:SSXFF'));
Insert into "agents" ("id","nom_prenom","telephone","email","fonction","service","localisation_id","distinction","signat","created_at","updated_at") values ('7','LAMIZANA SALIF','73 10 00 39','salif.lamizana@sonabel.bf','Chef SMFPC','SMFPC','6',null,'0',to_timestamp('08/04/22 14:22:46,666000000','DD/MM/RR HH24:MI:SSXFF'),to_timestamp('08/04/22 14:22:46,666000000','DD/MM/RR HH24:MI:SSXFF'));
Insert into "agents" ("id","nom_prenom","telephone","email","fonction","service","localisation_id","distinction","signat","created_at","updated_at") values ('8','GOUBA BENJAMIN','70 37 37 42','benjamin.gouba@sonabel.bf',null,'SMFPC','6',null,'0',to_timestamp('08/04/22 14:22:46,666000000','DD/MM/RR HH24:MI:SSXFF'),to_timestamp('08/04/22 14:22:46,666000000','DD/MM/RR HH24:MI:SSXFF'));
Insert into "agents" ("id","nom_prenom","telephone","email","fonction","service","localisation_id","distinction","signat","created_at","updated_at") values ('9','TRAORE AMIDOU','70 28 89 40','amidou.traore@sonabel.bf','Economiste','SMTPI','6',null,'0',to_timestamp('08/04/22 14:22:46,666000000','DD/MM/RR HH24:MI:SSXFF'),to_timestamp('08/04/22 14:22:46,666000000','DD/MM/RR HH24:MI:SSXFF'));
Insert into "agents" ("id","nom_prenom","telephone","email","fonction","service","localisation_id","distinction","signat","created_at","updated_at") values ('10','ZONGO IDRISSA',null,null,null,'SMTPI','6',null,'0',to_timestamp('08/04/22 14:22:46,666000000','DD/MM/RR HH24:MI:SSXFF'),to_timestamp('08/04/22 14:22:46,666000000','DD/MM/RR HH24:MI:SSXFF'));
Insert into "agents" ("id","nom_prenom","telephone","email","fonction","service","localisation_id","distinction","signat","created_at","updated_at") values ('11','ZONGO SAYOUBA',null,null,null,'SMFPC','6',null,'0',to_timestamp('08/04/22 14:22:46,666000000','DD/MM/RR HH24:MI:SSXFF'),to_timestamp('08/04/22 14:22:46,666000000','DD/MM/RR HH24:MI:SSXFF'));
Insert into "agents" ("id","nom_prenom","telephone","email","fonction","service","localisation_id","distinction","signat","created_at","updated_at") values ('12','TRAORE STEPHANIE',null,null,null,'SMFPC','6',null,'0',to_timestamp('08/04/22 14:22:46,666000000','DD/MM/RR HH24:MI:SSXFF'),to_timestamp('08/04/22 14:22:46,666000000','DD/MM/RR HH24:MI:SSXFF'));
Insert into "agents" ("id","nom_prenom","telephone","email","fonction","service","localisation_id","distinction","signat","created_at","updated_at") values ('13','KOUGWINDEGA DRAMANE',null,null,null,'SMTPI','6',null,'0',to_timestamp('08/04/22 14:22:46,666000000','DD/MM/RR HH24:MI:SSXFF'),to_timestamp('08/04/22 14:22:46,666000000','DD/MM/RR HH24:MI:SSXFF'));
Insert into "agents" ("id","nom_prenom","telephone","email","fonction","service","localisation_id","distinction","signat","created_at","updated_at") values ('14','ZIGANI THEODORE','70 44 60 45','theodore.zigani@sonabel.bf','Chef DM',null,'6',null,'0',to_timestamp('08/04/22 14:22:46,666000000','DD/MM/RR HH24:MI:SSXFF'),to_timestamp('08/04/22 14:22:46,666000000','DD/MM/RR HH24:MI:SSXFF'));
Insert into "agents" ("id","nom_prenom","telephone","email","fonction","service","localisation_id","distinction","signat","created_at","updated_at") values ('15','BABA AHMED COULIBALY',null,null,'DG',null,'17','Chevalier de l’Ordre de l’Etalon','1',to_timestamp('08/04/22 14:22:46,667000000','DD/MM/RR HH24:MI:SSXFF'),to_timestamp('08/04/22 14:22:46,667000000','DD/MM/RR HH24:MI:SSXFF'));
commit;

REM INSERTING into "typreceptions"
SET DEFINE OFF;
Insert into "typreceptions" ("id","libelle","created_at","updated_at") values ('1','Reception technique',to_timestamp('08/04/22 14:22:46,678000000','DD/MM/RR HH24:MI:SSXFF'),to_timestamp('08/04/22 14:22:46,678000000','DD/MM/RR HH24:MI:SSXFF'));
Insert into "typreceptions" ("id","libelle","created_at","updated_at") values ('2','Reception provisoire',to_timestamp('08/04/22 14:22:46,679000000','DD/MM/RR HH24:MI:SSXFF'),to_timestamp('08/04/22 14:22:46,679000000','DD/MM/RR HH24:MI:SSXFF'));
Insert into "typreceptions" ("id","libelle","created_at","updated_at") values ('3','Reception definitive',to_timestamp('08/04/22 14:22:46,679000000','DD/MM/RR HH24:MI:SSXFF'),to_timestamp('08/04/22 14:22:46,679000000','DD/MM/RR HH24:MI:SSXFF'));
commit;

REM INSERTING into "fournisseurs"
SET DEFINE OFF;
Insert into "fournisseurs" ("id","nom_four","rccm","ifu","telephone1","telephone2","adresse","email","domaine","type","created_at","updated_at") values ('51','CITEELUM SA','BFOUA2020MOO90','00018879F','25 46 96 95  ','62 19 76 76 ','07 BP 5426
Ouaga 07
',null,'TRAVAUX ELECTRIQUES','Entreprise',to_timestamp('09/08/22 15:09:12,253000000','DD/MM/RR HH24:MI:SSXFF'),to_timestamp('09/08/22 15:09:12,253000000','DD/MM/RR HH24:MI:SSXFF'));
Insert into "fournisseurs" ("id","nom_four","rccm","ifu","telephone1","telephone2","adresse","email","domaine","type","created_at","updated_at") values ('52','GGI','BF BBD 2012 B 408','00040284 S','70 29 95 95',null,'01 BP 1133 Bobo 01',null,'TRAVAUX GENERAL
CONSTRUCTION ELECTRIQUE ET FOURNITURES','Entreprise',to_timestamp('09/08/22 15:13:01,012000000','DD/MM/RR HH24:MI:SSXFF'),to_timestamp('09/08/22 15:13:01,012000000','DD/MM/RR HH24:MI:SSXFF'));
Insert into "fournisseurs" ("id","nom_four","rccm","ifu","telephone1","telephone2","adresse","email","domaine","type","created_at","updated_at") values ('53','AFRIK LONNYA','BF OUA 2013 B 2648','00047298G','70 20 22 82',null,'17 BP 352 Ouaga 17 ',null,'ENERGIE INFORMATIQUE ET TELECOMMUNICATION','Entreprise',to_timestamp('09/08/22 15:16:57,177000000','DD/MM/RR HH24:MI:SSXFF'),to_timestamp('09/08/22 15:16:57,177000000','DD/MM/RR HH24:MI:SSXFF'));
Insert into "fournisseurs" ("id","nom_four","rccm","ifu","telephone1","telephone2","adresse","email","domaine","type","created_at","updated_at") values ('1','Multi Concept Energie','BFOUA2010B3976','00029997J','25462785','70202389','14BP67OUAGA14','multiconcept.energie@yahoo.fr',null,'Entreprise',to_timestamp('10/05/22 11:20:23,223000000','DD/MM/RR HH24:MI:SSXFF'),to_timestamp('10/05/22 11:20:23,223000000','DD/MM/RR HH24:MI:SSXFF'));
Insert into "fournisseurs" ("id","nom_four","rccm","ifu","telephone1","telephone2","adresse","email","domaine","type","created_at","updated_at") values ('11','TIERI BURKINA',null,null,null,null,null,null,null,null,to_timestamp('10/05/22 11:52:54,989000000','DD/MM/RR HH24:MI:SSXFF'),to_timestamp('10/05/22 11:52:54,989000000','DD/MM/RR HH24:MI:SSXFF'));
Insert into "fournisseurs" ("id","nom_four","rccm","ifu","telephone1","telephone2","adresse","email","domaine","type","created_at","updated_at") values ('12','ENERGIVO',null,null,'25 00 00 00',null,null,null,null,null,to_timestamp('10/05/22 15:22:38,871000000','DD/MM/RR HH24:MI:SSXFF'),to_timestamp('10/05/22 15:22:38,871000000','DD/MM/RR HH24:MI:SSXFF'));
Insert into "fournisseurs" ("id","nom_four","rccm","ifu","telephone1","telephone2","adresse","email","domaine","type","created_at","updated_at") values ('13','EATE SARL',null,null,'75 00 00 00',null,null,null,null,null,to_timestamp('10/05/22 15:22:57,489000000','DD/MM/RR HH24:MI:SSXFF'),to_timestamp('10/05/22 15:22:57,489000000','DD/MM/RR HH24:MI:SSXFF'));
Insert into "fournisseurs" ("id","nom_four","rccm","ifu","telephone1","telephone2","adresse","email","domaine","type","created_at","updated_at") values ('14','SYS AID ',null,null,'78 00 00 01',null,null,null,null,null,to_timestamp('10/05/22 15:23:32,307000000','DD/MM/RR HH24:MI:SSXFF'),to_timestamp('10/05/22 15:23:32,307000000','DD/MM/RR HH24:MI:SSXFF'));
Insert into "fournisseurs" ("id","nom_four","rccm","ifu","telephone1","telephone2","adresse","email","domaine","type","created_at","updated_at") values ('37','ETUDE AUTOMATISME INGENIERIE',null,'00033318L','20980125','70275366','01BP1483 BOBO DIOULASSO','romaric@eai-bf.com','ETUDE AUTOMATISME INGENIERIE','Entreprise',to_timestamp('01/06/22 16:20:11,234000000','DD/MM/RR HH24:MI:SSXFF'),to_timestamp('01/06/22 16:20:11,234000000','DD/MM/RR HH24:MI:SSXFF'));
Insert into "fournisseurs" ("id","nom_four","rccm","ifu","telephone1","telephone2","adresse","email","domaine","type","created_at","updated_at") values ('61','ETEL CI',null,null,null,null,null,null,null,null,to_timestamp('20/07/22 14:40:45,402000000','DD/MM/RR HH24:MI:SSXFF'),to_timestamp('20/07/22 14:40:45,402000000','DD/MM/RR HH24:MI:SSXFF'));
Insert into "fournisseurs" ("id","nom_four","rccm","ifu","telephone1","telephone2","adresse","email","domaine","type","created_at","updated_at") values ('62','SIPIEH',null,null,null,null,null,null,null,null,to_timestamp('20/07/22 14:43:53,980000000','DD/MM/RR HH24:MI:SSXFF'),to_timestamp('20/07/22 14:43:53,980000000','DD/MM/RR HH24:MI:SSXFF'));
Insert into "fournisseurs" ("id","nom_four","rccm","ifu","telephone1","telephone2","adresse","email","domaine","type","created_at","updated_at") values ('17','SCEPSI','BFOUA2004B1268','00003244E','25 37 55 76','78 85 90 35','01 BP 6456 OUAGA 01',null,'ETUDE DE PREVENTION ET DE SECURITE INCENDIE',null,to_timestamp('01/06/22 11:22:59,905000000','DD/MM/RR HH24:MI:SSXFF'),to_timestamp('01/06/22 11:22:59,905000000','DD/MM/RR HH24:MI:SSXFF'));
Insert into "fournisseurs" ("id","nom_four","rccm","ifu","telephone1","telephone2","adresse","email","domaine","type","created_at","updated_at") values ('18','REBORN SARL','BFOUA2021M12749','00056008T','64772222','70200305','02BP6052Ouaga02','nonsido@gmailcom','Batimentet travauxpublics',null,to_timestamp('01/06/22 11:26:01,939000000','DD/MM/RR HH24:MI:SSXFF'),to_timestamp('01/06/22 11:26:01,939000000','DD/MM/RR HH24:MI:SSXFF'));
Insert into "fournisseurs" ("id","nom_four","rccm","ifu","telephone1","telephone2","adresse","email","domaine","type","created_at","updated_at") values ('19','HYDRAU BTP-HALMI','BFOUA2020B11553','00148491T','25480304','66444412','01BP3591OUAGA01',null,'Bâtiment et travaux publics',null,to_timestamp('01/06/22 11:29:47,592000000','DD/MM/RR HH24:MI:SSXFF'),to_timestamp('01/06/22 11:29:47,592000000','DD/MM/RR HH24:MI:SSXFF'));
Insert into "fournisseurs" ("id","nom_four","rccm","ifu","telephone1","telephone2","adresse","email","domaine","type","created_at","updated_at") values ('20','GENERAL D''ELECTRICITE ET DIVERS','BFOUA2007M2881','00005858R','50363635','50363635','09 BP 758 OUAGA 09','ged@fasonet.bf','ÉLECTRICITÉ ET DIVERS',null,to_timestamp('01/06/22 15:19:44,572000000','DD/MM/RR HH24:MI:SSXFF'),to_timestamp('01/06/22 15:19:44,572000000','DD/MM/RR HH24:MI:SSXFF'));
Insert into "fournisseurs" ("id","nom_four","rccm","ifu","telephone1","telephone2","adresse","email","domaine","type","created_at","updated_at") values ('38','CASYSMA',null,null,null,null,null,null,null,null,to_timestamp('02/06/22 09:14:40,681000000','DD/MM/RR HH24:MI:SSXFF'),to_timestamp('02/06/22 09:14:40,681000000','DD/MM/RR HH24:MI:SSXFF'));
Insert into "fournisseurs" ("id","nom_four","rccm","ifu","telephone1","telephone2","adresse","email","domaine","type","created_at","updated_at") values ('39','IT PROJET',null,null,null,null,null,null,null,null,to_timestamp('02/06/22 09:15:01,770000000','DD/MM/RR HH24:MI:SSXFF'),to_timestamp('02/06/22 09:15:01,770000000','DD/MM/RR HH24:MI:SSXFF'));
Insert into "fournisseurs" ("id","nom_four","rccm","ifu","telephone1","telephone2","adresse","email","domaine","type","created_at","updated_at") values ('40','TALENTYS',null,null,null,null,null,null,null,null,to_timestamp('02/06/22 09:15:13,000000000','DD/MM/RR HH24:MI:SSXFF'),to_timestamp('02/06/22 09:15:13,000000000','DD/MM/RR HH24:MI:SSXFF'));
Insert into "fournisseurs" ("id","nom_four","rccm","ifu","telephone1","telephone2","adresse","email","domaine","type","created_at","updated_at") values ('41','CETELCOM',null,null,null,null,null,null,null,null,to_timestamp('02/06/22 12:37:30,855000000','DD/MM/RR HH24:MI:SSXFF'),to_timestamp('02/06/22 12:37:30,855000000','DD/MM/RR HH24:MI:SSXFF'));
Insert into "fournisseurs" ("id","nom_four","rccm","ifu","telephone1","telephone2","adresse","email","domaine","type","created_at","updated_at") values ('42','MICROSYS','OUA2003A482','00000730X','25362512','70240659','10BP552OUAGA10',null,'Logiciel','Entreprise',to_timestamp('02/06/22 13:25:57,969000000','DD/MM/RR HH24:MI:SSXFF'),to_timestamp('02/06/22 13:25:57,969000000','DD/MM/RR HH24:MI:SSXFF'));
Insert into "fournisseurs" ("id","nom_four","rccm","ifu","telephone1","telephone2","adresse","email","domaine","type","created_at","updated_at") values ('43','DJAGO-I','BFOUA2004M102','00000799X','25373266',null,null,null,'Logiciels','Entreprise',to_timestamp('02/06/22 13:27:34,852000000','DD/MM/RR HH24:MI:SSXFF'),to_timestamp('02/06/22 13:27:34,852000000','DD/MM/RR HH24:MI:SSXFF'));
Insert into "fournisseurs" ("id","nom_four","rccm","ifu","telephone1","telephone2","adresse","email","domaine","type","created_at","updated_at") values ('44','ONED INTERNATIONAL','BFOUA2015A1051','00063564W','70254372','78216683','11BP1664CMSOUAGA11',null,'Commerce général','Entreprise',to_timestamp('02/06/22 15:13:46,052000000','DD/MM/RR HH24:MI:SSXFF'),to_timestamp('02/06/22 15:13:46,052000000','DD/MM/RR HH24:MI:SSXFF'));
Insert into "fournisseurs" ("id","nom_four","rccm","ifu","telephone1","telephone2","adresse","email","domaine","type","created_at","updated_at") values ('45','DIACFA LIBRAIRIE','BF OUA 2002 B409','00000492V','25306354',null,null,null,'Librairie papeterie bureautique','Entreprise',to_timestamp('02/06/22 15:15:59,771000000','DD/MM/RR HH24:MI:SSXFF'),to_timestamp('02/06/22 15:15:59,771000000','DD/MM/RR HH24:MI:SSXFF'));
Insert into "fournisseurs" ("id","nom_four","rccm","ifu","telephone1","telephone2","adresse","email","domaine","type","created_at","updated_at") values ('46','SLCGB','BF OUA 2012 B807','00037613 N','25304013','70 24 75 26',null,null,'Fournitures diverses','Entreprise',to_timestamp('02/06/22 15:17:48,383000000','DD/MM/RR HH24:MI:SSXFF'),to_timestamp('02/06/22 15:17:48,383000000','DD/MM/RR HH24:MI:SSXFF'));
Insert into "fournisseurs" ("id","nom_four","rccm","ifu","telephone1","telephone2","adresse","email","domaine","type","created_at","updated_at") values ('47','SMX','BF OUA 2011 B670','0003143 M','70 31 53 35','78 83 21 26','07 BP 5154 OUAGA 07',null,'Energie','Entreprise',to_timestamp('02/06/22 15:41:19,174000000','DD/MM/RR HH24:MI:SSXFF'),to_timestamp('02/06/22 15:41:19,174000000','DD/MM/RR HH24:MI:SSXFF'));
Insert into "fournisseurs" ("id","nom_four","rccm","ifu","telephone1","telephone2","adresse","email","domaine","type","created_at","updated_at") values ('48','FARATEC',null,null,null,'+212 522 35 88 91/92',null,null,'Industrie','Groupement',to_timestamp('02/06/22 15:43:29,956000000','DD/MM/RR HH24:MI:SSXFF'),to_timestamp('02/06/22 15:43:29,956000000','DD/MM/RR HH24:MI:SSXFF'));
Insert into "fournisseurs" ("id","nom_four","rccm","ifu","telephone1","telephone2","adresse","email","domaine","type","created_at","updated_at") values ('49','ARWETE-AFRIQUE','BF OUA 2003 A 3013','00029656','25366196','78017306',null,null,'Import-export','Groupement',to_timestamp('02/06/22 15:45:51,395000000','DD/MM/RR HH24:MI:SSXFF'),to_timestamp('02/06/22 15:45:51,395000000','DD/MM/RR HH24:MI:SSXFF'));
Insert into "fournisseurs" ("id","nom_four","rccm","ifu","telephone1","telephone2","adresse","email","domaine","type","created_at","updated_at") values ('50','ECO ELECTRICAL SERVICE ',null,null,'02 34 41 41 ','77 34 84 14','13 BP Ouaga 13',null,'Electricité','Entreprise',to_timestamp('02/06/22 15:49:48,115000000','DD/MM/RR HH24:MI:SSXFF'),to_timestamp('02/06/22 15:49:48,115000000','DD/MM/RR HH24:MI:SSXFF'));
Insert into "fournisseurs" ("id","nom_four","rccm","ifu","telephone1","telephone2","adresse","email","domaine","type","created_at","updated_at") values ('2','GMS INTERNATIONAL',null,null,'78283202',null,null,'gmsinternational929@gmaul.com',null,'Entreprise',to_timestamp('14/04/22 13:52:43,229000000','DD/MM/RR HH24:MI:SSXFF'),to_timestamp('14/04/22 13:52:43,229000000','DD/MM/RR HH24:MI:SSXFF'));
Insert into "fournisseurs" ("id","nom_four","rccm","ifu","telephone1","telephone2","adresse","email","domaine","type","created_at","updated_at") values ('5','MAN ENERGY SOLUTION SENEGAL SARL',null,null,null,null,null,'el.ba@man-es.com',null,'Entreprise',to_timestamp('14/04/22 14:26:52,722000000','DD/MM/RR HH24:MI:SSXFF'),to_timestamp('14/04/22 14:26:52,722000000','DD/MM/RR HH24:MI:SSXFF'));
Insert into "fournisseurs" ("id","nom_four","rccm","ifu","telephone1","telephone2","adresse","email","domaine","type","created_at","updated_at") values ('6','BURKINA TRAVAUX SERVICES ET INTERIM/ILTEKNO',null,null,null,null,null,'siefabricekam@yahoo.fr',null,'Groupement',to_timestamp('14/04/22 14:43:42,344000000','DD/MM/RR HH24:MI:SSXFF'),to_timestamp('14/04/22 14:43:42,344000000','DD/MM/RR HH24:MI:SSXFF'));
Insert into "fournisseurs" ("id","nom_four","rccm","ifu","telephone1","telephone2","adresse","email","domaine","type","created_at","updated_at") values ('9','SOPAM SA',null,null,'25407791',null,null,null,null,'Entreprise',to_timestamp('14/04/22 15:17:42,395000000','DD/MM/RR HH24:MI:SSXFF'),to_timestamp('14/04/22 15:17:42,395000000','DD/MM/RR HH24:MI:SSXFF'));
Insert into "fournisseurs" ("id","nom_four","rccm","ifu","telephone1","telephone2","adresse","email","domaine","type","created_at","updated_at") values ('10','ITEMS LABS ET SERVICES ',null,null,'67598989 ','73050735',null,'contactitemslabs@gmail.com',null,'Entreprise',to_timestamp('14/04/22 15:19:22,373000000','DD/MM/RR HH24:MI:SSXFF'),to_timestamp('14/04/22 15:19:22,373000000','DD/MM/RR HH24:MI:SSXFF'));
Insert into "fournisseurs" ("id","nom_four","rccm","ifu","telephone1","telephone2","adresse","email","domaine","type","created_at","updated_at") values ('29','PLANET TECHNOLOGIES',null,null,null,'70 13 08 96',null,'planetetechnologies@gmail.com','Fourniture et travaux informatique','Entreprise',to_timestamp('05/05/22 13:53:02,210000000','DD/MM/RR HH24:MI:SSXFF'),to_timestamp('05/05/22 13:53:02,210000000','DD/MM/RR HH24:MI:SSXFF'));
Insert into "fournisseurs" ("id","nom_four","rccm","ifu","telephone1","telephone2","adresse","email","domaine","type","created_at","updated_at") values ('30','ENERGTEC ',null,null,null,null,null,null,null,null,to_timestamp('06/05/22 11:22:39,308000000','DD/MM/RR HH24:MI:SSXFF'),to_timestamp('06/05/22 11:22:39,308000000','DD/MM/RR HH24:MI:SSXFF'));
Insert into "fournisseurs" ("id","nom_four","rccm","ifu","telephone1","telephone2","adresse","email","domaine","type","created_at","updated_at") values ('31','UNIVERSAL TRADING GROUP SA',null,null,null,null,null,null,null,null,to_timestamp('06/05/22 11:23:16,979000000','DD/MM/RR HH24:MI:SSXFF'),to_timestamp('06/05/22 11:23:16,979000000','DD/MM/RR HH24:MI:SSXFF'));
Insert into "fournisseurs" ("id","nom_four","rccm","ifu","telephone1","telephone2","adresse","email","domaine","type","created_at","updated_at") values ('7','ENERMIN INTERNATIONAL ',null,null,'25418212',null,null,null,null,'Entreprise',to_timestamp('14/04/22 15:00:56,073000000','DD/MM/RR HH24:MI:SSXFF'),to_timestamp('14/04/22 15:00:56,073000000','DD/MM/RR HH24:MI:SSXFF'));
Insert into "fournisseurs" ("id","nom_four","rccm","ifu","telephone1","telephone2","adresse","email","domaine","type","created_at","updated_at") values ('8','BURKINA EQUIPEMENTS ',null,null,'51874840',null,null,'cedric.tapsoba@burkinaequipements.com',null,null,to_timestamp('14/04/22 15:05:04,475000000','DD/MM/RR HH24:MI:SSXFF'),to_timestamp('14/04/22 15:05:04,475000000','DD/MM/RR HH24:MI:SSXFF'));
Insert into "fournisseurs" ("id","nom_four","rccm","ifu","telephone1","telephone2","adresse","email","domaine","type","created_at","updated_at") values ('25','CETELCOM',null,null,'25402440',null,null,null,null,null,to_timestamp('04/05/22 08:31:38,778000000','DD/MM/RR HH24:MI:SSXFF'),to_timestamp('04/05/22 08:31:38,778000000','DD/MM/RR HH24:MI:SSXFF'));
Insert into "fournisseurs" ("id","nom_four","rccm","ifu","telephone1","telephone2","adresse","email","domaine","type","created_at","updated_at") values ('26','WILL.COM-SARL',null,null,'70207240',null,null,null,null,null,to_timestamp('04/05/22 08:32:38,364000000','DD/MM/RR HH24:MI:SSXFF'),to_timestamp('04/05/22 08:32:38,364000000','DD/MM/RR HH24:MI:SSXFF'));
Insert into "fournisseurs" ("id","nom_four","rccm","ifu","telephone1","telephone2","adresse","email","domaine","type","created_at","updated_at") values ('27','COMPUTER HOUSE SARL',null,null,'70701165',null,null,null,null,null,to_timestamp('04/05/22 08:34:05,643000000','DD/MM/RR HH24:MI:SSXFF'),to_timestamp('04/05/22 08:34:05,643000000','DD/MM/RR HH24:MI:SSXFF'));
Insert into "fournisseurs" ("id","nom_four","rccm","ifu","telephone1","telephone2","adresse","email","domaine","type","created_at","updated_at") values ('28','FARMAK SARL',null,null,'78621162',null,null,null,null,null,to_timestamp('04/05/22 08:34:34,961000000','DD/MM/RR HH24:MI:SSXFF'),to_timestamp('04/05/22 08:34:34,961000000','DD/MM/RR HH24:MI:SSXFF'));
Insert into "fournisseurs" ("id","nom_four","rccm","ifu","telephone1","telephone2","adresse","email","domaine","type","created_at","updated_at") values ('21','CIBEXI-IC SARL',null,null,null,null,null,null,null,'Entreprise',to_timestamp('06/04/22 09:19:26,977000000','DD/MM/RR HH24:MI:SSXFF'),to_timestamp('06/04/22 09:19:26,977000000','DD/MM/RR HH24:MI:SSXFF'));
Insert into "fournisseurs" ("id","nom_four","rccm","ifu","telephone1","telephone2","adresse","email","domaine","type","created_at","updated_at") values ('22','ITEEM Labs & Services',null,null,null,null,null,null,null,'Entreprise',to_timestamp('06/04/22 09:19:50,018000000','DD/MM/RR HH24:MI:SSXFF'),to_timestamp('06/04/22 09:19:50,018000000','DD/MM/RR HH24:MI:SSXFF'));
Insert into "fournisseurs" ("id","nom_four","rccm","ifu","telephone1","telephone2","adresse","email","domaine","type","created_at","updated_at") values ('23','SOPAM Sa',null,null,null,null,null,null,null,'Entreprise',to_timestamp('06/04/22 09:20:05,653000000','DD/MM/RR HH24:MI:SSXFF'),to_timestamp('06/04/22 09:20:05,653000000','DD/MM/RR HH24:MI:SSXFF'));
Insert into "fournisseurs" ("id","nom_four","rccm","ifu","telephone1","telephone2","adresse","email","domaine","type","created_at","updated_at") values ('24','TELEMENIA FASO',null,null,'76062887',null,null,'ousmane.gyengyere@sysaid-group.com',null,'Entreprise',to_timestamp('07/04/22 13:42:51,413000000','DD/MM/RR HH24:MI:SSXFF'),to_timestamp('07/04/22 13:42:51,413000000','DD/MM/RR HH24:MI:SSXFF'));
Insert into "fournisseurs" ("id","nom_four","rccm","ifu","telephone1","telephone2","adresse","email","domaine","type","created_at","updated_at") values ('3','PPI-BF.SA',null,null,'70124141',null,null,'ppi-bf@ppiindustriel.com',null,'Entreprise',to_timestamp('14/04/22 14:12:23,522000000','DD/MM/RR HH24:MI:SSXFF'),to_timestamp('14/04/22 14:12:23,522000000','DD/MM/RR HH24:MI:SSXFF'));
Insert into "fournisseurs" ("id","nom_four","rccm","ifu","telephone1","telephone2","adresse","email","domaine","type","created_at","updated_at") values ('4','GENERAL ENERGY ',null,null,'78380031',null,null,null,null,'Entreprise',to_timestamp('14/04/22 14:13:04,694000000','DD/MM/RR HH24:MI:SSXFF'),to_timestamp('14/04/22 14:13:04,694000000','DD/MM/RR HH24:MI:SSXFF'));
Insert into "fournisseurs" ("id","nom_four","rccm","ifu","telephone1","telephone2","adresse","email","domaine","type","created_at","updated_at") values ('32','BURKINA CARTES SYSTEMES',null,null,'70702755',null,null,null,null,null,to_timestamp('06/05/22 12:44:59,254000000','DD/MM/RR HH24:MI:SSXFF'),to_timestamp('06/05/22 12:44:59,254000000','DD/MM/RR HH24:MI:SSXFF'));
Insert into "fournisseurs" ("id","nom_four","rccm","ifu","telephone1","telephone2","adresse","email","domaine","type","created_at","updated_at") values ('33','SAGAM SECURITIE BURKINA',null,null,'25301750',null,null,null,null,null,to_timestamp('06/05/22 12:46:26,250000000','DD/MM/RR HH24:MI:SSXFF'),to_timestamp('06/05/22 12:46:26,250000000','DD/MM/RR HH24:MI:SSXFF'));
Insert into "fournisseurs" ("id","nom_four","rccm","ifu","telephone1","telephone2","adresse","email","domaine","type","created_at","updated_at") values ('34','TOTAL ACCES',null,null,'25341450',null,null,null,null,null,to_timestamp('06/05/22 12:46:59,579000000','DD/MM/RR HH24:MI:SSXFF'),to_timestamp('06/05/22 12:46:59,579000000','DD/MM/RR HH24:MI:SSXFF'));
Insert into "fournisseurs" ("id","nom_four","rccm","ifu","telephone1","telephone2","adresse","email","domaine","type","created_at","updated_at") values ('35','TIERI BURKINA',null,null,'67877075',null,null,null,null,null,to_timestamp('06/05/22 12:47:41,469000000','DD/MM/RR HH24:MI:SSXFF'),to_timestamp('06/05/22 12:47:41,469000000','DD/MM/RR HH24:MI:SSXFF'));
Insert into "fournisseurs" ("id","nom_four","rccm","ifu","telephone1","telephone2","adresse","email","domaine","type","created_at","updated_at") values ('15','LORYNE SA',null,null,'76 01 00 00',null,null,null,null,null,to_timestamp('10/05/22 15:24:01,781000000','DD/MM/RR HH24:MI:SSXFF'),to_timestamp('10/05/22 15:24:01,781000000','DD/MM/RR HH24:MI:SSXFF'));
Insert into "fournisseurs" ("id","nom_four","rccm","ifu","telephone1","telephone2","adresse","email","domaine","type","created_at","updated_at") values ('16','PRESSIMEX SOMETA',null,null,'25 01 01 01',null,null,null,null,null,to_timestamp('10/05/22 15:24:32,582000000','DD/MM/RR HH24:MI:SSXFF'),to_timestamp('10/05/22 15:24:32,582000000','DD/MM/RR HH24:MI:SSXFF'));
Insert into "fournisseurs" ("id","nom_four","rccm","ifu","telephone1","telephone2","adresse","email","domaine","type","created_at","updated_at") values ('36','TECHNIKKOM',null,null,'00221338640497',null,'1-G1 Lot 61A SODIDA/Dakar-Sénégal',null,null,'Entreprise',to_timestamp('01/06/22 15:41:27,249000000','DD/MM/RR HH24:MI:SSXFF'),to_timestamp('01/06/22 15:41:27,249000000','DD/MM/RR HH24:MI:SSXFF'));
Insert into "fournisseurs" ("id","nom_four","rccm","ifu","telephone1","telephone2","adresse","email","domaine","type","created_at","updated_at") values ('54','EAI SARL',null,'00033318L','20980125','70 27 53 66','01 BP 1483 BOBO 01 ',null,'ETUDE AUTOMATISME INGENIERIE','Entreprise',to_timestamp('10/08/22 08:21:53,633000000','DD/MM/RR HH24:MI:SSXFF'),to_timestamp('10/08/22 08:21:53,633000000','DD/MM/RR HH24:MI:SSXFF'));
commit;

REM INSERTING into "modepaiements"
SET DEFINE OFF;
Insert into "modepaiements" ("id","libelle","created_at","updated_at") values ('3','AVIS DE CREDIT',to_timestamp('10/05/22 11:34:50,652000000','DD/MM/RR HH24:MI:SSXFF'),to_timestamp('10/05/22 11:34:50,652000000','DD/MM/RR HH24:MI:SSXFF'));
Insert into "modepaiements" ("id","libelle","created_at","updated_at") values ('1','ESPECES',to_timestamp('04/05/22 08:43:56,876000000','DD/MM/RR HH24:MI:SSXFF'),to_timestamp('04/05/22 08:43:56,876000000','DD/MM/RR HH24:MI:SSXFF'));
commit;

REM INSERTING into "plans"
SET DEFINE OFF;
Insert into "plans" ("id","annee","date_plan","statut","created_at","updated_at") values ('1','2022',to_date('27/01/22','DD/MM/RR'),'Projet',to_timestamp('08/04/22 14:22:46,619000000','DD/MM/RR HH24:MI:SSXFF'),to_timestamp('08/04/22 14:22:46,619000000','DD/MM/RR HH24:MI:SSXFF'));
commit;

REM INSERTING into "fonctionalites"
SET DEFINE OFF;
Insert into "fonctionalites" ("id","libelle","description","created_by","modified_by","created_at","updated_at") values ('1','Utilisateur',null,null,null,null,null);
Insert into "fonctionalites" ("id","libelle","description","created_by","modified_by","created_at","updated_at") values ('2','Privilège',null,null,null,null,null);
Insert into "fonctionalites" ("id","libelle","description","created_by","modified_by","created_at","updated_at") values ('3','Paramètre',null,null,null,null,null);
Insert into "fonctionalites" ("id","libelle","description","created_by","modified_by","created_at","updated_at") values ('4','Fournisseur',null,null,null,null,null);
Insert into "fonctionalites" ("id","libelle","description","created_by","modified_by","created_at","updated_at") values ('5','PPM',null,null,null,null,null);
Insert into "fonctionalites" ("id","libelle","description","created_by","modified_by","created_at","updated_at") values ('6','Ligne du PPM',null,null,null,null,null);
Insert into "fonctionalites" ("id","libelle","description","created_by","modified_by","created_at","updated_at") values ('7','Dossier & Lot',null,null,null,null,null);
Insert into "fonctionalites" ("id","libelle","description","created_by","modified_by","created_at","updated_at") values ('8','Selection',null,null,null,null,null);
Insert into "fonctionalites" ("id","libelle","description","created_by","modified_by","created_at","updated_at") values ('9','Vente & Caisse',null,null,null,null,null);
Insert into "fonctionalites" ("id","libelle","description","created_by","modified_by","created_at","updated_at") values ('10','Execution',null,null,null,null,null);
commit;
